<?xml version="1.0" encoding="UTF-8"?>
<!-- IMPORTANT: This is an internal file that has been generated
     by the Xilinx ISE software.  Any direct editing or
     changes made to this file may result in unpredictable
     behavior or data corruption.  It is strongly advised that
     users do not edit the contents of this file. -->
<DeviceUsageSummary rev="258">
<DesignStatistics TimeStamp="Tue Mar 10 14:25:50 2020"><group name="NetStatistics">
<item name="NumNets_Active" rev="258">
<attrib name="value" value="3494"/></item>
<item name="NumNets_Gnd" rev="258">
<attrib name="value" value="1"/></item>
<item name="NumNets_Vcc" rev="258">
<attrib name="value" value="1"/></item>
<item name="NumNodesOfType_Active_BRAMADDR" rev="258">
<attrib name="value" value="791"/></item>
<item name="NumNodesOfType_Active_BRAMDUMMY" rev="258">
<attrib name="value" value="221"/></item>
<item name="NumNodesOfType_Active_CLKPIN" rev="258">
<attrib name="value" value="1042"/></item>
<item name="NumNodesOfType_Active_CNTRLPIN" rev="258">
<attrib name="value" value="1570"/></item>
<item name="NumNodesOfType_Active_DOUBLE" rev="258">
<attrib name="value" value="5208"/></item>
<item name="NumNodesOfType_Active_DUMMY" rev="258">
<attrib name="value" value="3869"/></item>
<item name="NumNodesOfType_Active_DUMMYBANK" rev="258">
<attrib name="value" value="390"/></item>
<item name="NumNodesOfType_Active_DUMMYESC" rev="258">
<attrib name="value" value="8"/></item>
<item name="NumNodesOfType_Active_GLOBAL" rev="258">
<attrib name="value" value="145"/></item>
<item name="NumNodesOfType_Active_HFULLHEX" rev="258">
<attrib name="value" value="57"/></item>
<item name="NumNodesOfType_Active_HLONG" rev="258">
<attrib name="value" value="19"/></item>
<item name="NumNodesOfType_Active_HUNIHEX" rev="258">
<attrib name="value" value="583"/></item>
<item name="NumNodesOfType_Active_INPUT" rev="258">
<attrib name="value" value="6022"/></item>
<item name="NumNodesOfType_Active_IOBOUTPUT" rev="258">
<attrib name="value" value="45"/></item>
<item name="NumNodesOfType_Active_OMUX" rev="258">
<attrib name="value" value="2354"/></item>
<item name="NumNodesOfType_Active_OUTPUT" rev="258">
<attrib name="value" value="3223"/></item>
<item name="NumNodesOfType_Active_PREBXBY" rev="258">
<attrib name="value" value="1781"/></item>
<item name="NumNodesOfType_Active_VFULLHEX" rev="258">
<attrib name="value" value="260"/></item>
<item name="NumNodesOfType_Active_VLONG" rev="258">
<attrib name="value" value="82"/></item>
<item name="NumNodesOfType_Active_VUNIHEX" rev="258">
<attrib name="value" value="322"/></item>
<item name="NumNodesOfType_Gnd_CNTRLPIN" rev="258">
<attrib name="value" value="151"/></item>
<item name="NumNodesOfType_Gnd_DOUBLE" rev="258">
<attrib name="value" value="107"/></item>
<item name="NumNodesOfType_Gnd_DUMMY" rev="258">
<attrib name="value" value="16"/></item>
<item name="NumNodesOfType_Gnd_DUMMYBANK" rev="258">
<attrib name="value" value="110"/></item>
<item name="NumNodesOfType_Gnd_INPUT" rev="258">
<attrib name="value" value="124"/></item>
<item name="NumNodesOfType_Gnd_OMUX" rev="258">
<attrib name="value" value="161"/></item>
<item name="NumNodesOfType_Gnd_OUTPUT" rev="258">
<attrib name="value" value="96"/></item>
<item name="NumNodesOfType_Gnd_PREBXBY" rev="258">
<attrib name="value" value="25"/></item>
<item name="NumNodesOfType_Gnd_VFULLHEX" rev="258">
<attrib name="value" value="14"/></item>
<item name="NumNodesOfType_Gnd_VUNIHEX" rev="258">
<attrib name="value" value="1"/></item>
<item name="NumNodesOfType_Vcc_CLKPIN" rev="258">
<attrib name="value" value="1"/></item>
<item name="NumNodesOfType_Vcc_CNTRLPIN" rev="258">
<attrib name="value" value="17"/></item>
<item name="NumNodesOfType_Vcc_DUMMY" rev="258">
<attrib name="value" value="224"/></item>
<item name="NumNodesOfType_Vcc_DUMMYBANK" rev="258">
<attrib name="value" value="4"/></item>
<item name="NumNodesOfType_Vcc_INPUT" rev="258">
<attrib name="value" value="248"/></item>
<item name="NumNodesOfType_Vcc_PREBXBY" rev="258">
<attrib name="value" value="18"/></item>
<item name="NumNodesOfType_Vcc_VCCOUT" rev="258">
<attrib name="value" value="54"/></item>
</group>
<group name="MiscellaneousStatistics">
<item name="AGG_BONDED_IO" rev="257">
<attrib name="value" value="208"/></item>
<item name="AGG_IO" rev="257">
<attrib name="value" value="208"/></item>
<item name="NUM_4_INPUT_LUT" rev="257">
<attrib name="value" value="1366"/></item>
<item name="NUM_BONDED_IOB" rev="257">
<attrib name="value" value="208"/></item>
<item name="NUM_BUFGMUX" rev="257">
<attrib name="value" value="1"/></item>
<item name="NUM_DCM" rev="257">
<attrib name="value" value="1"/></item>
<item name="NUM_IOB_FF" rev="257">
<attrib name="value" value="72"/></item>
<item name="NUM_LUT_RT" rev="257">
<attrib name="value" value="118"/></item>
<item name="NUM_RAMB16" rev="257">
<attrib name="value" value="29"/></item>
<item name="NUM_RPM" rev="257">
<attrib name="value" value="3"/></item>
<item name="NUM_SHIFT" rev="257">
<attrib name="value" value="60"/></item>
<item name="NUM_SLICE" rev="257">
<attrib name="value" value="1113"/></item>
<item name="NUM_SLICE_FF" rev="257">
<attrib name="value" value="1548"/></item>
<item name="NUM_SLICE_LATCH" rev="257">
<attrib name="value" value="32"/></item>
<item name="Xilinx Core C_DA_FIR_V8_0, Xilinx CORE Generator 10.1" rev="257">
<attrib name="value" value="1"/></item>
<item name="Xilinx Core async_fifo_v5_1, Xilinx CORE Generator 10.1" rev="257">
<attrib name="value" value="1"/></item>
<item name="Xilinx Core c_counter_binary_v8_0, Xilinx CORE Generator 10.1" rev="257">
<attrib name="value" value="1"/></item>
<item name="Xilinx Core mult_gen_v7_0, Xilinx CORE Generator 10.1" rev="257">
<attrib name="value" value="1"/></item>
</group>
</DesignStatistics>
<DeviceUsage TimeStamp="Tue Mar 10 14:25:50 2020"><group name="SiteSummary">
<item name="BUFGMUX" rev="258">
<attrib name="total" value="1000000"/><attrib name="used" value="1"/></item>
<item name="BUFGMUX_GCLKMUX" rev="258">
<attrib name="total" value="1000000"/><attrib name="used" value="1"/></item>
<item name="BUFGMUX_GCLK_BUFFER" rev="258">
<attrib name="total" value="1000000"/><attrib name="used" value="1"/></item>
<item name="DCM" rev="258">
<attrib name="total" value="1000000"/><attrib name="used" value="1"/></item>
<item name="DCM_DCM" rev="258">
<attrib name="total" value="1000000"/><attrib name="used" value="1"/></item>
<item name="IOB" rev="258">
<attrib name="total" value="1000000"/><attrib name="used" value="208"/></item>
<item name="IOB_IFF1" rev="258">
<attrib name="total" value="1000000"/><attrib name="used" value="37"/></item>
<item name="IOB_INBUF" rev="258">
<attrib name="total" value="1000000"/><attrib name="used" value="64"/></item>
<item name="IOB_OFF1" rev="258">
<attrib name="total" value="1000000"/><attrib name="used" value="35"/></item>
<item name="IOB_OUTBUF" rev="258">
<attrib name="total" value="1000000"/><attrib name="used" value="144"/></item>
<item name="IOB_PAD" rev="258">
<attrib name="total" value="1000000"/><attrib name="used" value="208"/></item>
<item name="RAMB16" rev="258">
<attrib name="total" value="1000000"/><attrib name="used" value="29"/></item>
<item name="RAMB16_RAMB16" rev="258">
<attrib name="total" value="1000000"/><attrib name="used" value="29"/></item>
<item name="RAMB16_RAMB16A" rev="258">
<attrib name="total" value="1000000"/><attrib name="used" value="29"/></item>
<item name="RAMB16_RAMB16B" rev="258">
<attrib name="total" value="1000000"/><attrib name="used" value="29"/></item>
<item name="SLICE" rev="258">
<attrib name="total" value="1000000"/><attrib name="used" value="1113"/></item>
<item name="SLICE_C1VDD" rev="258">
<attrib name="total" value="1000000"/><attrib name="used" value="9"/></item>
<item name="SLICE_C2VDD" rev="258">
<attrib name="total" value="1000000"/><attrib name="used" value="6"/></item>
<item name="SLICE_CYMUXF" rev="258">
<attrib name="total" value="1000000"/><attrib name="used" value="176"/></item>
<item name="SLICE_CYMUXG" rev="258">
<attrib name="total" value="1000000"/><attrib name="used" value="160"/></item>
<item name="SLICE_F" rev="258">
<attrib name="total" value="1000000"/><attrib name="used" value="663"/></item>
<item name="SLICE_F5MUX" rev="258">
<attrib name="total" value="1000000"/><attrib name="used" value="65"/></item>
<item name="SLICE_F6MUX" rev="258">
<attrib name="total" value="1000000"/><attrib name="used" value="27"/></item>
<item name="SLICE_FAND" rev="258">
<attrib name="total" value="1000000"/><attrib name="used" value="18"/></item>
<item name="SLICE_FFX" rev="258">
<attrib name="total" value="1000000"/><attrib name="used" value="750"/></item>
<item name="SLICE_FFY" rev="258">
<attrib name="total" value="1000000"/><attrib name="used" value="830"/></item>
<item name="SLICE_G" rev="258">
<attrib name="total" value="1000000"/><attrib name="used" value="703"/></item>
<item name="SLICE_GAND" rev="258">
<attrib name="total" value="1000000"/><attrib name="used" value="16"/></item>
<item name="SLICE_GNDF" rev="258">
<attrib name="total" value="1000000"/><attrib name="used" value="81"/></item>
<item name="SLICE_GNDG" rev="258">
<attrib name="total" value="1000000"/><attrib name="used" value="75"/></item>
<item name="SLICE_VDDF" rev="258">
<attrib name="total" value="1000000"/><attrib name="used" value="1"/></item>
<item name="SLICE_VDDG" rev="258">
<attrib name="total" value="1000000"/><attrib name="used" value="2"/></item>
<item name="SLICE_WSGEN" rev="258">
<attrib name="total" value="1000000"/><attrib name="used" value="44"/></item>
<item name="SLICE_XORF" rev="258">
<attrib name="total" value="1000000"/><attrib name="used" value="140"/></item>
<item name="SLICE_XORG" rev="258">
<attrib name="total" value="1000000"/><attrib name="used" value="137"/></item>
<item name="SLICE_YBUSED" rev="258">
<attrib name="total" value="1000000"/><attrib name="used" value="2"/></item>
</group>
</DeviceUsage>
<ReportConfigData TimeStamp="Tue Mar 10 14:25:50 2020"><group name="IOB_OFF1">
<item name="LATCH_OR_FF" rev="258">
<attrib name="FF" value="35"/></item>
<item name="OFF1_INIT_ATTR" rev="258">
<attrib name="INIT0" value="35"/></item>
<item name="OFF1_SR_ATTR" rev="258">
<attrib name="SRLOW" value="3"/></item>
<item name="OFFATTRBOX" rev="258">
<attrib name="ASYNC" value="3"/></item>
</group>
<group name="BUFGMUX_GCLKMUX">
<item name="DISABLE_ATTR" rev="258">
<attrib name="LOW" value="1"/></item>
</group>
<group name="IOB_IFF1">
<item name="IFF1_INIT_ATTR" rev="258">
<attrib name="INIT0" value="37"/></item>
<item name="LATCH_OR_FF" rev="258">
<attrib name="FF" value="37"/></item>
</group>
<group name="SLICE_FFX">
<item name="FFX_INIT_ATTR" rev="258">
<attrib name="INIT0" value="714"/><attrib name="INIT1" value="36"/></item>
<item name="FFX_SR_ATTR" rev="258">
<attrib name="SRLOW" value="715"/><attrib name="SRHIGH" value="35"/></item>
<item name="LATCH_OR_FF" rev="258">
<attrib name="FF" value="748"/><attrib name="LATCH" value="2"/></item>
<item name="SYNC_ATTR" rev="258">
<attrib name="ASYNC" value="690"/><attrib name="SYNC" value="60"/></item>
</group>
<group name="SLICE_FFY">
<item name="FFY_INIT_ATTR" rev="258">
<attrib name="INIT0" value="808"/><attrib name="INIT1" value="22"/></item>
<item name="FFY_SR_ATTR" rev="258">
<attrib name="SRLOW" value="809"/><attrib name="SRHIGH" value="21"/></item>
<item name="LATCH_OR_FF" rev="258">
<attrib name="FF" value="800"/><attrib name="LATCH" value="30"/></item>
<item name="SYNC_ATTR" rev="258">
<attrib name="ASYNC" value="800"/><attrib name="SYNC" value="30"/></item>
</group>
<group name="RAMB16_RAMB16A">
<item name="PORTA_ATTR" rev="258">
<attrib name="16384X1" value="5"/><attrib name="2048X9" value="24"/></item>
<item name="WRITEMODEA" rev="258">
<attrib name="NO_CHANGE" value="29"/></item>
</group>
<group name="RAMB16_RAMB16B">
<item name="PORTB_ATTR" rev="258">
<attrib name="16384X1" value="5"/><attrib name="2048X9" value="24"/></item>
<item name="WRITEMODEB" rev="258">
<attrib name="NO_CHANGE" value="29"/></item>
</group>
<group name="SLICE_WSGEN">
<item name="SYNC_ATTR" rev="258">
<attrib name="ASYNC" value="44"/></item>
</group>
<group name="SLICE_F">
<item name="F_ATTR" rev="258">
<attrib name="SHIFT_REG" value="16"/></item>
<item name="LUT_OR_MEM" rev="258">
<attrib name="LUT" value="647"/><attrib name="RAM" value="16"/></item>
</group>
<group name="SLICE_G">
<item name="G_ATTR" rev="258">
<attrib name="SHIFT_REG" value="44"/></item>
<item name="LUT_OR_MEM" rev="258">
<attrib name="LUT" value="659"/><attrib name="RAM" value="44"/></item>
</group>
<group name="IOB_PAD">
<item name="DRIVEATTRBOX" rev="258">
<attrib name="8" value="18"/><attrib name="12" value="124"/><attrib name="24" value="2"/></item>
<item name="IOATTRBOX" rev="258">
<attrib name="LVTTL" value="208"/></item>
<item name="SLEW" rev="258">
<attrib name="SLOW" value="124"/><attrib name="FAST" value="20"/></item>
</group>
<group name="DCM_DCM">
<item name="CLKDV_DIVIDE" rev="258">
<attrib name="2" value="1"/></item>
<item name="CLKOUT_PHASE_SHIFT" rev="258">
<attrib name="NONE" value="1"/></item>
<item name="CLK_FEEDBACK" rev="258">
<attrib name="1X" value="1"/></item>
<item name="DLL_FREQUENCY_MODE" rev="258">
<attrib name="HIGH" value="1"/></item>
<item name="DSS_MODE" rev="258">
<attrib name="NONE" value="1"/></item>
<item name="DUTY_CYCLE_CORRECTION" rev="258">
<attrib name="TRUE" value="1"/></item>
<item name="FACTORY_JF1" rev="258">
<attrib name="0XF0" value="1"/></item>
<item name="FACTORY_JF2" rev="258">
<attrib name="0XF0" value="1"/></item>
</group>
</ReportConfigData>
<ReportPinData TimeStamp="Tue Mar 10 14:25:50 2020"><group name="SLICE_YBUSED">
<item name="0" rev="258">
<attrib name="value" value="2"/></item>
<item name="OUT" rev="258">
<attrib name="value" value="2"/></item>
</group>
<group name="SLICE_F6MUX">
<item name="0" rev="258">
<attrib name="value" value="27"/></item>
<item name="1" rev="258">
<attrib name="value" value="27"/></item>
<item name="OUT" rev="258">
<attrib name="value" value="27"/></item>
<item name="S0" rev="258">
<attrib name="value" value="27"/></item>
</group>
<group name="RAMB16">
<item name="ADDRA0" rev="258">
<attrib name="value" value="5"/></item>
<item name="ADDRA1" rev="258">
<attrib name="value" value="5"/></item>
<item name="ADDRA10" rev="258">
<attrib name="value" value="29"/></item>
<item name="ADDRA11" rev="258">
<attrib name="value" value="29"/></item>
<item name="ADDRA12" rev="258">
<attrib name="value" value="29"/></item>
<item name="ADDRA13" rev="258">
<attrib name="value" value="29"/></item>
<item name="ADDRA2" rev="258">
<attrib name="value" value="5"/></item>
<item name="ADDRA3" rev="258">
<attrib name="value" value="29"/></item>
<item name="ADDRA4" rev="258">
<attrib name="value" value="29"/></item>
<item name="ADDRA5" rev="258">
<attrib name="value" value="29"/></item>
<item name="ADDRA6" rev="258">
<attrib name="value" value="29"/></item>
<item name="ADDRA7" rev="258">
<attrib name="value" value="29"/></item>
<item name="ADDRA8" rev="258">
<attrib name="value" value="29"/></item>
<item name="ADDRA9" rev="258">
<attrib name="value" value="29"/></item>
<item name="ADDRB0" rev="258">
<attrib name="value" value="5"/></item>
<item name="ADDRB1" rev="258">
<attrib name="value" value="5"/></item>
<item name="ADDRB10" rev="258">
<attrib name="value" value="29"/></item>
<item name="ADDRB11" rev="258">
<attrib name="value" value="29"/></item>
<item name="ADDRB12" rev="258">
<attrib name="value" value="29"/></item>
<item name="ADDRB13" rev="258">
<attrib name="value" value="29"/></item>
<item name="ADDRB2" rev="258">
<attrib name="value" value="5"/></item>
<item name="ADDRB3" rev="258">
<attrib name="value" value="29"/></item>
<item name="ADDRB4" rev="258">
<attrib name="value" value="29"/></item>
<item name="ADDRB5" rev="258">
<attrib name="value" value="29"/></item>
<item name="ADDRB6" rev="258">
<attrib name="value" value="29"/></item>
<item name="ADDRB7" rev="258">
<attrib name="value" value="29"/></item>
<item name="ADDRB8" rev="258">
<attrib name="value" value="29"/></item>
<item name="ADDRB9" rev="258">
<attrib name="value" value="29"/></item>
<item name="CLKA" rev="258">
<attrib name="value" value="29"/></item>
<item name="CLKB" rev="258">
<attrib name="value" value="29"/></item>
<item name="DIA0" rev="258">
<attrib name="value" value="29"/></item>
<item name="DIA1" rev="258">
<attrib name="value" value="24"/></item>
<item name="DIA2" rev="258">
<attrib name="value" value="24"/></item>
<item name="DIA3" rev="258">
<attrib name="value" value="24"/></item>
<item name="DIA4" rev="258">
<attrib name="value" value="24"/></item>
<item name="DIA5" rev="258">
<attrib name="value" value="24"/></item>
<item name="DIA6" rev="258">
<attrib name="value" value="24"/></item>
<item name="DIA7" rev="258">
<attrib name="value" value="24"/></item>
<item name="DIPA0" rev="258">
<attrib name="value" value="24"/></item>
<item name="DOB0" rev="258">
<attrib name="value" value="29"/></item>
<item name="DOB1" rev="258">
<attrib name="value" value="24"/></item>
<item name="DOB2" rev="258">
<attrib name="value" value="24"/></item>
<item name="DOB3" rev="258">
<attrib name="value" value="24"/></item>
<item name="DOB4" rev="258">
<attrib name="value" value="24"/></item>
<item name="DOB5" rev="258">
<attrib name="value" value="24"/></item>
<item name="DOB6" rev="258">
<attrib name="value" value="24"/></item>
<item name="DOB7" rev="258">
<attrib name="value" value="24"/></item>
<item name="DOPB0" rev="258">
<attrib name="value" value="24"/></item>
<item name="ENA" rev="258">
<attrib name="value" value="29"/></item>
<item name="ENB" rev="258">
<attrib name="value" value="29"/></item>
<item name="SSRA" rev="258">
<attrib name="value" value="29"/></item>
<item name="SSRB" rev="258">
<attrib name="value" value="29"/></item>
<item name="WEA" rev="258">
<attrib name="value" value="29"/></item>
<item name="WEB" rev="258">
<attrib name="value" value="29"/></item>
</group>
<group name="IOB_OFF1">
<item name="CK" rev="258">
<attrib name="value" value="35"/></item>
<item name="D" rev="258">
<attrib name="value" value="35"/></item>
<item name="Q" rev="258">
<attrib name="value" value="35"/></item>
<item name="SR" rev="258">
<attrib name="value" value="3"/></item>
</group>
<group name="RAMB16_RAMB16">
<item name="ADDRA" rev="258">
<attrib name="value" value="29"/></item>
<item name="ADDRB" rev="258">
<attrib name="value" value="29"/></item>
<item name="DIA" rev="258">
<attrib name="value" value="29"/></item>
<item name="DIB" rev="258">
<attrib name="value" value="29"/></item>
<item name="DOA" rev="258">
<attrib name="value" value="29"/></item>
<item name="DOB" rev="258">
<attrib name="value" value="29"/></item>
</group>
<group name="IOB_OUTBUF">
<item name="IN" rev="258">
<attrib name="value" value="144"/></item>
<item name="OUT" rev="258">
<attrib name="value" value="144"/></item>
<item name="TRI" rev="258">
<attrib name="value" value="73"/></item>
</group>
<group name="BUFGMUX_GCLKMUX">
<item name="I0" rev="258">
<attrib name="value" value="1"/></item>
<item name="OUT" rev="258">
<attrib name="value" value="1"/></item>
<item name="S" rev="258">
<attrib name="value" value="1"/></item>
</group>
<group name="SLICE_FAND">
<item name="0" rev="258">
<attrib name="value" value="18"/></item>
<item name="1" rev="258">
<attrib name="value" value="18"/></item>
<item name="O" rev="258">
<attrib name="value" value="18"/></item>
</group>
<group name="IOB_IFF1">
<item name="CK" rev="258">
<attrib name="value" value="37"/></item>
<item name="D" rev="258">
<attrib name="value" value="37"/></item>
<item name="Q" rev="258">
<attrib name="value" value="37"/></item>
</group>
<group name="SLICE_FFX">
<item name="CE" rev="258">
<attrib name="value" value="243"/></item>
<item name="CK" rev="258">
<attrib name="value" value="750"/></item>
<item name="D" rev="258">
<attrib name="value" value="750"/></item>
<item name="Q" rev="258">
<attrib name="value" value="750"/></item>
<item name="REV" rev="258">
<attrib name="value" value="1"/></item>
<item name="SR" rev="258">
<attrib name="value" value="403"/></item>
</group>
<group name="SLICE_GNDF">
<item name="0" rev="258">
<attrib name="value" value="81"/></item>
</group>
<group name="SLICE_FFY">
<item name="CE" rev="258">
<attrib name="value" value="298"/></item>
<item name="CK" rev="258">
<attrib name="value" value="830"/></item>
<item name="D" rev="258">
<attrib name="value" value="830"/></item>
<item name="Q" rev="258">
<attrib name="value" value="830"/></item>
<item name="REV" rev="258">
<attrib name="value" value="1"/></item>
<item name="SR" rev="258">
<attrib name="value" value="392"/></item>
</group>
<group name="SLICE_GNDG">
<item name="0" rev="258">
<attrib name="value" value="75"/></item>
</group>
<group name="SLICE_C2VDD">
<item name="1" rev="258">
<attrib name="value" value="6"/></item>
</group>
<group name="SLICE_F5MUX">
<item name="F" rev="258">
<attrib name="value" value="65"/></item>
<item name="G" rev="258">
<attrib name="value" value="65"/></item>
<item name="OUT" rev="258">
<attrib name="value" value="65"/></item>
<item name="S0" rev="258">
<attrib name="value" value="65"/></item>
</group>
<group name="IOB_INBUF">
<item name="IN" rev="258">
<attrib name="value" value="64"/></item>
<item name="OUT" rev="258">
<attrib name="value" value="64"/></item>
</group>
<group name="SLICE">
<item name="BX" rev="258">
<attrib name="value" value="448"/></item>
<item name="BY" rev="258">
<attrib name="value" value="475"/></item>
<item name="CE" rev="258">
<attrib name="value" value="314"/></item>
<item name="CIN" rev="258">
<attrib name="value" value="158"/></item>
<item name="CLK" rev="258">
<attrib name="value" value="910"/></item>
<item name="COUT" rev="258">
<attrib name="value" value="158"/></item>
<item name="DX" rev="258">
<attrib name="value" value="412"/></item>
<item name="DY" rev="258">
<attrib name="value" value="428"/></item>
<item name="F1" rev="258">
<attrib name="value" value="657"/></item>
<item name="F2" rev="258">
<attrib name="value" value="571"/></item>
<item name="F3" rev="258">
<attrib name="value" value="471"/></item>
<item name="F4" rev="258">
<attrib name="value" value="234"/></item>
<item name="F5" rev="258">
<attrib name="value" value="54"/></item>
<item name="FXINA" rev="258">
<attrib name="value" value="27"/></item>
<item name="FXINB" rev="258">
<attrib name="value" value="27"/></item>
<item name="G1" rev="258">
<attrib name="value" value="703"/></item>
<item name="G2" rev="258">
<attrib name="value" value="623"/></item>
<item name="G3" rev="258">
<attrib name="value" value="522"/></item>
<item name="G4" rev="258">
<attrib name="value" value="272"/></item>
<item name="SR" rev="258">
<attrib name="value" value="501"/></item>
<item name="X" rev="258">
<attrib name="value" value="567"/></item>
<item name="XB" rev="258">
<attrib name="value" value="5"/></item>
<item name="XQ" rev="258">
<attrib name="value" value="750"/></item>
<item name="Y" rev="258">
<attrib name="value" value="633"/></item>
<item name="YB" rev="258">
<attrib name="value" value="2"/></item>
<item name="YQ" rev="258">
<attrib name="value" value="830"/></item>
</group>
<group name="RAMB16_RAMB16A">
<item name="ADDRA" rev="258">
<attrib name="value" value="29"/></item>
<item name="ADDRA0" rev="258">
<attrib name="value" value="5"/></item>
<item name="ADDRA1" rev="258">
<attrib name="value" value="5"/></item>
<item name="ADDRA10" rev="258">
<attrib name="value" value="29"/></item>
<item name="ADDRA11" rev="258">
<attrib name="value" value="29"/></item>
<item name="ADDRA12" rev="258">
<attrib name="value" value="29"/></item>
<item name="ADDRA13" rev="258">
<attrib name="value" value="29"/></item>
<item name="ADDRA2" rev="258">
<attrib name="value" value="5"/></item>
<item name="ADDRA3" rev="258">
<attrib name="value" value="29"/></item>
<item name="ADDRA4" rev="258">
<attrib name="value" value="29"/></item>
<item name="ADDRA5" rev="258">
<attrib name="value" value="29"/></item>
<item name="ADDRA6" rev="258">
<attrib name="value" value="29"/></item>
<item name="ADDRA7" rev="258">
<attrib name="value" value="29"/></item>
<item name="ADDRA8" rev="258">
<attrib name="value" value="29"/></item>
<item name="ADDRA9" rev="258">
<attrib name="value" value="29"/></item>
<item name="CLKA" rev="258">
<attrib name="value" value="29"/></item>
<item name="DIA" rev="258">
<attrib name="value" value="29"/></item>
<item name="DIA0" rev="258">
<attrib name="value" value="29"/></item>
<item name="DIA1" rev="258">
<attrib name="value" value="24"/></item>
<item name="DIA2" rev="258">
<attrib name="value" value="24"/></item>
<item name="DIA3" rev="258">
<attrib name="value" value="24"/></item>
<item name="DIA4" rev="258">
<attrib name="value" value="24"/></item>
<item name="DIA5" rev="258">
<attrib name="value" value="24"/></item>
<item name="DIA6" rev="258">
<attrib name="value" value="24"/></item>
<item name="DIA7" rev="258">
<attrib name="value" value="24"/></item>
<item name="DIPA0" rev="258">
<attrib name="value" value="24"/></item>
<item name="DOA" rev="258">
<attrib name="value" value="29"/></item>
<item name="ENA" rev="258">
<attrib name="value" value="29"/></item>
<item name="SSRA" rev="258">
<attrib name="value" value="29"/></item>
<item name="WEA" rev="258">
<attrib name="value" value="29"/></item>
</group>
<group name="RAMB16_RAMB16B">
<item name="ADDRB" rev="258">
<attrib name="value" value="29"/></item>
<item name="ADDRB0" rev="258">
<attrib name="value" value="5"/></item>
<item name="ADDRB1" rev="258">
<attrib name="value" value="5"/></item>
<item name="ADDRB10" rev="258">
<attrib name="value" value="29"/></item>
<item name="ADDRB11" rev="258">
<attrib name="value" value="29"/></item>
<item name="ADDRB12" rev="258">
<attrib name="value" value="29"/></item>
<item name="ADDRB13" rev="258">
<attrib name="value" value="29"/></item>
<item name="ADDRB2" rev="258">
<attrib name="value" value="5"/></item>
<item name="ADDRB3" rev="258">
<attrib name="value" value="29"/></item>
<item name="ADDRB4" rev="258">
<attrib name="value" value="29"/></item>
<item name="ADDRB5" rev="258">
<attrib name="value" value="29"/></item>
<item name="ADDRB6" rev="258">
<attrib name="value" value="29"/></item>
<item name="ADDRB7" rev="258">
<attrib name="value" value="29"/></item>
<item name="ADDRB8" rev="258">
<attrib name="value" value="29"/></item>
<item name="ADDRB9" rev="258">
<attrib name="value" value="29"/></item>
<item name="CLKB" rev="258">
<attrib name="value" value="29"/></item>
<item name="DIB" rev="258">
<attrib name="value" value="29"/></item>
<item name="DOB" rev="258">
<attrib name="value" value="29"/></item>
<item name="DOB0" rev="258">
<attrib name="value" value="29"/></item>
<item name="DOB1" rev="258">
<attrib name="value" value="24"/></item>
<item name="DOB2" rev="258">
<attrib name="value" value="24"/></item>
<item name="DOB3" rev="258">
<attrib name="value" value="24"/></item>
<item name="DOB4" rev="258">
<attrib name="value" value="24"/></item>
<item name="DOB5" rev="258">
<attrib name="value" value="24"/></item>
<item name="DOB6" rev="258">
<attrib name="value" value="24"/></item>
<item name="DOB7" rev="258">
<attrib name="value" value="24"/></item>
<item name="DOPB0" rev="258">
<attrib name="value" value="24"/></item>
<item name="ENB" rev="258">
<attrib name="value" value="29"/></item>
<item name="SSRB" rev="258">
<attrib name="value" value="29"/></item>
<item name="WEB" rev="258">
<attrib name="value" value="29"/></item>
</group>
<group name="SLICE_WSGEN">
<item name="CK" rev="258">
<attrib name="value" value="44"/></item>
<item name="WE" rev="258">
<attrib name="value" value="44"/></item>
<item name="WSF" rev="258">
<attrib name="value" value="16"/></item>
<item name="WSG" rev="258">
<attrib name="value" value="44"/></item>
</group>
<group name="SLICE_F">
<item name="A1" rev="258">
<attrib name="value" value="657"/></item>
<item name="A2" rev="258">
<attrib name="value" value="571"/></item>
<item name="A3" rev="258">
<attrib name="value" value="471"/></item>
<item name="A4" rev="258">
<attrib name="value" value="234"/></item>
<item name="D" rev="258">
<attrib name="value" value="663"/></item>
<item name="DI" rev="258">
<attrib name="value" value="16"/></item>
<item name="WS" rev="258">
<attrib name="value" value="16"/></item>
</group>
<group name="SLICE_G">
<item name="A1" rev="258">
<attrib name="value" value="703"/></item>
<item name="A2" rev="258">
<attrib name="value" value="623"/></item>
<item name="A3" rev="258">
<attrib name="value" value="522"/></item>
<item name="A4" rev="258">
<attrib name="value" value="272"/></item>
<item name="D" rev="258">
<attrib name="value" value="703"/></item>
<item name="DI" rev="258">
<attrib name="value" value="44"/></item>
<item name="WS" rev="258">
<attrib name="value" value="44"/></item>
</group>
<group name="SLICE_C1VDD">
<item name="1" rev="258">
<attrib name="value" value="9"/></item>
</group>
<group name="IOB_PAD">
<item name="PAD" rev="258">
<attrib name="value" value="208"/></item>
</group>
<group name="SLICE_VDDF">
<item name="1" rev="258">
<attrib name="value" value="1"/></item>
</group>
<group name="SLICE_VDDG">
<item name="1" rev="258">
<attrib name="value" value="2"/></item>
</group>
<group name="IOB">
<item name="I" rev="258">
<attrib name="value" value="27"/></item>
<item name="ICLK1" rev="258">
<attrib name="value" value="37"/></item>
<item name="IQ1" rev="258">
<attrib name="value" value="37"/></item>
<item name="O1" rev="258">
<attrib name="value" value="144"/></item>
<item name="OTCLK1" rev="258">
<attrib name="value" value="35"/></item>
<item name="PAD" rev="258">
<attrib name="value" value="208"/></item>
<item name="SR" rev="258">
<attrib name="value" value="3"/></item>
<item name="T1" rev="258">
<attrib name="value" value="73"/></item>
</group>
<group name="DCM_DCM">
<item name="CLK0" rev="258">
<attrib name="value" value="1"/></item>
<item name="CLKFB" rev="258">
<attrib name="value" value="1"/></item>
<item name="CLKIN" rev="258">
<attrib name="value" value="1"/></item>
<item name="DSSEN" rev="258">
<attrib name="value" value="1"/></item>
<item name="PSCLK" rev="258">
<attrib name="value" value="1"/></item>
<item name="PSEN" rev="258">
<attrib name="value" value="1"/></item>
<item name="PSINCDEC" rev="258">
<attrib name="value" value="1"/></item>
<item name="RST" rev="258">
<attrib name="value" value="1"/></item>
</group>
<group name="BUFGMUX">
<item name="I0" rev="258">
<attrib name="value" value="1"/></item>
<item name="O" rev="258">
<attrib name="value" value="1"/></item>
<item name="S" rev="258">
<attrib name="value" value="1"/></item>
</group>
<group name="SLICE_XORF">
<item name="0" rev="258">
<attrib name="value" value="140"/></item>
<item name="1" rev="258">
<attrib name="value" value="140"/></item>
<item name="O" rev="258">
<attrib name="value" value="140"/></item>
</group>
<group name="SLICE_XORG">
<item name="0" rev="258">
<attrib name="value" value="137"/></item>
<item name="1" rev="258">
<attrib name="value" value="137"/></item>
<item name="O" rev="258">
<attrib name="value" value="137"/></item>
</group>
<group name="SLICE_CYMUXF">
<item name="0" rev="258">
<attrib name="value" value="175"/></item>
<item name="1" rev="258">
<attrib name="value" value="176"/></item>
<item name="OUT" rev="258">
<attrib name="value" value="176"/></item>
<item name="S0" rev="258">
<attrib name="value" value="176"/></item>
</group>
<group name="SLICE_CYMUXG">
<item name="0" rev="258">
<attrib name="value" value="158"/></item>
<item name="1" rev="258">
<attrib name="value" value="160"/></item>
<item name="OUT" rev="258">
<attrib name="value" value="160"/></item>
<item name="S0" rev="258">
<attrib name="value" value="160"/></item>
</group>
<group name="SLICE_GAND">
<item name="0" rev="258">
<attrib name="value" value="16"/></item>
<item name="1" rev="258">
<attrib name="value" value="16"/></item>
<item name="O" rev="258">
<attrib name="value" value="16"/></item>
</group>
<group name="DCM">
<item name="CLK0" rev="258">
<attrib name="value" value="1"/></item>
<item name="CLKFB" rev="258">
<attrib name="value" value="1"/></item>
<item name="CLKIN" rev="258">
<attrib name="value" value="1"/></item>
<item name="DSSEN" rev="258">
<attrib name="value" value="1"/></item>
<item name="PSCLK" rev="258">
<attrib name="value" value="1"/></item>
<item name="PSEN" rev="258">
<attrib name="value" value="1"/></item>
<item name="PSINCDEC" rev="258">
<attrib name="value" value="1"/></item>
<item name="RST" rev="258">
<attrib name="value" value="1"/></item>
</group>
<group name="BUFGMUX_GCLK_BUFFER">
<item name="IN" rev="258">
<attrib name="value" value="1"/></item>
<item name="OUT" rev="258">
<attrib name="value" value="1"/></item>
</group>
</ReportPinData>
<CmdHistory>
</CmdHistory>
</DeviceUsageSummary>
